﻿<?xml version="1.0" encoding="utf-8"?>
<manifest identifier="_639lFxoSmHh_course_id" version="1.0" xmlns="http://www.imsproject.org/xsd/imscp_rootv1p1p2" xmlns:adlcp="http://www.adlnet.org/xsd/adlcp_rootv1p2" xmlns:xsi="http://www.w3.org/2001/XMLSchema-instance" xsi:schemaLocation="http://www.imsproject.org/xsd/imscp_rootv1p1p2 imscp_rootv1p1p2.xsd http://www.imsglobal.org/xsd/imsmd_rootv1p2p1 imsmd_rootv1p2p1.xsd http://www.adlnet.org/xsd/adlcp_rootv1p2 adlcp_rootv1p2.xsd">
  <metadata>
    <schema>ADL SCORM</schema>
    <schemaversion>1.2</schemaversion>
    <lom xmlns="http://www.imsglobal.org/xsd/imsmd_rootv1p2p1" xmlns:xsi="http://www.w3.org/2001/XMLSchema-instance" xsi:schemaLocation="http://www.imsglobal.org/xsd/imsmd_rootv1p2p1 imsmd_rootv1p2p1.xsd">
      <general>
        <title>
          <langstring xml:lang="x-none">La creatividad en la innovación</langstring>
        </title>
      </general>
      <lifecycle>
        <version>
          <langstring xml:lang="x-none">1</langstring>
        </version>
        <status>
          <source>
            <langstring xml:lang="x-none">LOMv1.0</langstring>
          </source>
          <value>
            <langstring xml:lang="x-none">Final</langstring>
          </value>
        </status>
      </lifecycle>
      <metametadata>
        <metadatascheme>ADL SCORM 1.2</metadatascheme>
      </metametadata>
      <educational>
        <typicallearningtime>
          <datetime>PT0H0M0S</datetime>
        </typicallearningtime>
      </educational>
      <rights>
        <cost>
          <source>
            <langstring xml:lang="x-none">LOMv1.0</langstring>
          </source>
          <value>
            <langstring xml:lang="x-none">yes</langstring>
          </value>
        </cost>
        <copyrightandotherrestrictions>
          <source>
            <langstring xml:lang="x-none">LOMv1.0</langstring>
          </source>
          <value>
            <langstring xml:lang="x-none">yes</langstring>
          </value>
        </copyrightandotherrestrictions>
      </rights>
    </lom>
  </metadata>
  <organizations default="La_creatividad_en_la_innovación_ORG">
    <organization identifier="La_creatividad_en_la_innovación_ORG">
      <title>La creatividad en la innovación</title>
      <item identifier="De_la_experiencia_del_candidato_con_los_procesos_asociados_a_la_captación_y_sele_SCO" isvisible="true" identifierref="__639lFxoSmHh_course_id_RES">
        <title>La creatividad en la innovación</title>
      </item>
    </organization>
  </organizations>
  <resources>
    <resource identifier="__639lFxoSmHh_course_id_RES" type="webcontent" href="index_lms.html" adlcp:scormtype="sco">
      <file href="story_content/thumbnail.jpg" />
      <file href="mobile/5f9AimIFqyN.jpg" />
      <file href="mobile/6b08xZTFDv1.png" />
      <file href="mobile/64k3p4wRbOF_M_1554_1554.png" />
      <file href="mobile/5v0A1p4Uo9X.png" />
      <file href="mobile/5YLsocL4RyI.png" />
      <file href="mobile/5hSXQS1XGgX.jpg" />
      <file href="mobile/6MjSuWSVIf2_M_114_114.png" />
      <file href="mobile/62hwsOVV8gi_X_R9BF2FF.png" />
      <file href="mobile/5ZZCtwtslhA.png" />
      <file href="mobile/6PpBXdeUBtD.png" />
      <file href="mobile/6djigSIeUNB_80_P_0_0_1933_1280.jpg" />
      <file href="mobile/6QQNMt9FyES_X_80_P_285_0_891_1000.jpg" />
      <file href="mobile/63nRofsmxjr.png" />
      <file href="mobile/61cAogQDRSS_80_P_291_0_974_1000.jpg" />
      <file href="mobile/6rFhZnhjfDI.png" />
      <file href="mobile/6avKcTHQDDC_R238099.png" />
      <file href="mobile/6Ff2XGkid8a_R238099.png" />
      <file href="mobile/5m6vu4KEP3S_R238099.png" />
      <file href="mobile/6JyllXejUd3_80_P_223_0_1056_720.jpg" />
      <file href="mobile/5WTdM66Vf3f_M_2140_2140.png" />
      <file href="mobile/6OOmUICu9bY_M_554_554.png" />
      <file href="mobile/5lyH4H4miwK_80.jpg" />
      <file href="mobile/6AnBroJIgqC.png" />
      <file href="mobile/6lCgwo15Ohu_80_P_0_0_1002_759.jpg" />
      <file href="mobile/5vQ0PALKCYv_80_P_0_136_1500_863.jpg" />
      <file href="meta.xml" />
      <file href="story_content/user.js" />
      <file href="mobile/Shape6U9E1F7E84h.png" />
      <file href="mobile/Shape62uaxZB033Q.png" />
      <file href="mobile/Shape5qIPedxOEAc.png" />
      <file href="html5/data/css/output.min.css" />
      <file href="html5/data/js/5eHRv5l4p2X.js" />
      <file href="html5/data/js/5fZsxnLcHNd.js" />
      <file href="html5/data/js/5kVkuqh55WE.js" />
      <file href="html5/data/js/5mSHWwhvWTW.js" />
      <file href="html5/data/js/5rrGn0SDmu7.js" />
      <file href="html5/data/js/5upy5EqP8XI.js" />
      <file href="html5/data/js/5y1FZZLwUzi.js" />
      <file href="html5/data/js/5yvNL99jg5f.js" />
      <file href="html5/data/js/60IiAsypU0u.js" />
      <file href="html5/data/js/620CgYv3tVF.js" />
      <file href="html5/data/js/62cRclscidy.js" />
      <file href="html5/data/js/62XknE7qPxw.js" />
      <file href="html5/data/js/65aLrVJdGZC.js" />
      <file href="html5/data/js/6EfHpNOWZRF.js" />
      <file href="html5/data/js/6UVb2LORD23.js" />
      <file href="html5/data/js/data.js" />
      <file href="html5/data/js/frame.js" />
      <file href="html5/data/js/paths.js" />
      <file href="html5/lib/scripts/bootstrapper.min.js" />
      <file href="html5/lib/scripts/frame.desktop.min.js" />
      <file href="html5/lib/scripts/frame.mobile.min.js" />
      <file href="html5/lib/scripts/slides.min.js" />
      <file href="html5/lib/stylesheets/desktop.min.css" />
      <file href="html5/lib/stylesheets/mobile.min.css" />
      <file href="html5/lib/stylesheets/mobile-fonts/open-sans-bold.woff" />
      <file href="html5/lib/stylesheets/mobile-fonts/open-sans-light.woff" />
      <file href="html5/lib/stylesheets/mobile-fonts/open-sans-regular.woff" />
      <file href="analytics-frame.html" />
      <file href="story.html" />
      <file href="index_lms.html" />
      <file href="lms/AICCComm.html" />
      <file href="lms/blank.html" />
      <file href="lms/browsersniff.js" />
      <file href="lms/goodbye.html" />
      <file href="lms/scormdriver.js" />
    </resource>
  </resources>
</manifest>