<?xml version="1.0" encoding="UTF-8"?>

<manifest identifier="recurso.genially.scorm.12" version="1.0" 
          xmlns="http://www.imsproject.org/xsd/imscp_rootv1p1p2" 
          xmlns:imsmd="http://www.imsglobal.org/xsd/imsmd_rootv1p2p1" 
          xmlns:xsi="http://www.w3.org/2001/XMLSchema-instance" 
          xmlns:adlcp="http://www.adlnet.org/xsd/adlcp_rootv1p2" 
          xsi:schemaLocation="http://www.imsproject.org/xsd/imscp_rootv1p1p2 imscp_rootv1p1p2.xsd 
                              http://www.imsglobal.org/xsd/imsmd_rootv1p2p1 imsmd_rootv1p2p1.xsd 
                              http://www.adlnet.org/xsd/adlcp_rootv1p2 adlcp_rootv1p2.xsd">
  <metadata>
    <schema>ADL SCORM</schema>
    <schemaversion>1.2</schemaversion>
  </metadata>

  <organizations default="genially_resource_default_org">
    <organization identifier="genially_resource_default_org">
      <title>CIIL1_N_418</title>
      <item identifier="item_1" identifierref="resource_1">
        <title>CIIL1_N_418</title>
      </item>
    </organization>
  </organizations>

  <resources>
    <resource identifier="resource_1" type="webcontent" href="genially.html" adlcp:scormtype="sco">
      <file href="genially.html" />
      <file href="app/scorm.js"/>
    </resource>
  </resources>

</manifest>