﻿<?xml version="1.0" encoding="utf-8"?>
<manifest identifier="_6c48MywBBJU_course_id" version="1.0" xmlns="http://www.imsproject.org/xsd/imscp_rootv1p1p2" xmlns:adlcp="http://www.adlnet.org/xsd/adlcp_rootv1p2" xmlns:xsi="http://www.w3.org/2001/XMLSchema-instance" xsi:schemaLocation="http://www.imsproject.org/xsd/imscp_rootv1p1p2 imscp_rootv1p1p2.xsd http://www.imsglobal.org/xsd/imsmd_rootv1p2p1 imsmd_rootv1p2p1.xsd http://www.adlnet.org/xsd/adlcp_rootv1p2 adlcp_rootv1p2.xsd">
  <metadata>
    <schema>ADL SCORM</schema>
    <schemaversion>1.2</schemaversion>
    <lom xmlns="http://www.imsglobal.org/xsd/imsmd_rootv1p2p1" xmlns:xsi="http://www.w3.org/2001/XMLSchema-instance" xsi:schemaLocation="http://www.imsglobal.org/xsd/imsmd_rootv1p2p1 imsmd_rootv1p2p1.xsd">
      <general>
        <title>
          <langstring xml:lang="x-none">¿Qué tenemos que saber sobre los accidentes de trabajo?</langstring>
        </title>
      </general>
      <lifecycle>
        <version>
          <langstring xml:lang="x-none">1</langstring>
        </version>
        <status>
          <source>
            <langstring xml:lang="x-none">LOMv1.0</langstring>
          </source>
          <value>
            <langstring xml:lang="x-none">Final</langstring>
          </value>
        </status>
      </lifecycle>
      <metametadata>
        <metadatascheme>ADL SCORM 1.2</metadatascheme>
      </metametadata>
      <educational>
        <typicallearningtime>
          <datetime>PT0H0M0S</datetime>
        </typicallearningtime>
      </educational>
      <rights>
        <cost>
          <source>
            <langstring xml:lang="x-none">LOMv1.0</langstring>
          </source>
          <value>
            <langstring xml:lang="x-none">yes</langstring>
          </value>
        </cost>
        <copyrightandotherrestrictions>
          <source>
            <langstring xml:lang="x-none">LOMv1.0</langstring>
          </source>
          <value>
            <langstring xml:lang="x-none">yes</langstring>
          </value>
        </copyrightandotherrestrictions>
      </rights>
    </lom>
  </metadata>
  <organizations default="¿Qué_tenemos_que_saber_sobre_los_accidentes_de_trabajo?_ORG">
    <organization identifier="¿Qué_tenemos_que_saber_sobre_los_accidentes_de_trabajo?_ORG">
      <title>¿Qué tenemos que saber sobre los accidentes de trabajo?</title>
      <item identifier="De_la_experiencia_del_candidato_con_los_procesos_asociados_a_la_captación_y_sele_SCO" isvisible="true" identifierref="__6c48MywBBJU_course_id_RES">
        <title>¿Qué tenemos que saber sobre los accidentes de trabajo?</title>
      </item>
    </organization>
  </organizations>
  <resources>
    <resource identifier="__6c48MywBBJU_course_id_RES" type="webcontent" href="launcher.html" adlcp:scormtype="sco">
      <file href="story_content/thumbnail.jpg" />
      <file href="mobile/675IdHFYGuZ.png" />
      <file href="mobile/5f9AimIFqyN.jpg" />
      <file href="mobile/5v0A1p4Uo9X.png" />
      <file href="mobile/6b08xZTFDv1.png" />
      <file href="mobile/5YLsocL4RyI.png" />
      <file href="mobile/5ZZCtwtslhA.png" />
      <file href="mobile/6PpBXdeUBtD.png" />
      <file href="mobile/5hSXQS1XGgX.jpg" />
      <file href="mobile/6MjSuWSVIf2_M_114_114.png" />
      <file href="mobile/6IVlQyRW5jH_P_94_292_1021_572.png" />
      <file href="mobile/5Vd5iY3uGPD_P_0_0_1999_914.png" />
      <file href="mobile/5nj8TkhqMz9.png" />
      <file href="mobile/5YPf2HWhtc9.png" />
      <file href="mobile/68MrCCQzNWx.png" />
      <file href="mobile/6KDkJtvnOg3.png" />
      <file href="mobile/5xc9G35Pcnw_P_516_0_1017_2048.png" />
      <file href="mobile/6FqRZACryzw_P_389_0_923_1300.png" />
      <file href="mobile/5YJ4pRp77QG_P_0_295_2000_988.png" />
      <file href="mobile/6p9Q6TBzKzd.png" />
      <file href="mobile/6cNQo1Ifibq_P_0_0_1381_358.png" />
      <file href="story_content/zoomIcon.png" />
      <file href="mobile/6TvSkuU4NxM.png" />
      <file href="mobile/5nLrVTL7c7Y.png" />
      <file href="mobile/5tfhLU5w34W.png" />
      <file href="mobile/5V3SWiebFtH.png" />
      <file href="mobile/5vLKGvFW6KZ.png" />
      <file href="mobile/6Oy7THwWxmt.png" />
      <file href="mobile/5s3vUtHXhGA.png" />
      <file href="mobile/6gUFKEXfMZA.png" />
      <file href="mobile/5w0Owq3eBV9.png" />
      <file href="mobile/6B233v6KXuj_Y.png" />
      <file href="mobile/5WfYpsn9qBj.png" />
      <file href="mobile/5aDTUlTk8Ad.png" />
      <file href="mobile/6X4Sm2s8VbN.png" />
      <file href="mobile/5iIdyy55Uzy.png" />
      <file href="mobile/6mddj8aeZ83.png" />
      <file href="mobile/6A1WNBBMVSI.png" />
      <file href="mobile/6T9uFaaO7Mb.png" />
      <file href="mobile/5vJWxbwC9QE.png" />
      <file href="mobile/5ZbwAWuhKtW_P_0_14_989_2033.png" />
      <file href="mobile/5mqw2KDOeXU_P_480_0_1139_1333.png" />
      <file href="mobile/5WnoyQzMKTF.png" />
      <file href="meta.xml" />
      <file href="story_content/user.js" />
      <file href="mobile/Shape6HWZ0Gztv1f.png" />
      <file href="mobile/Shape60Syz5Fgxcz.png" />
      <file href="mobile/Shape5yCq0m06CWW.png" />
      <file href="mobile/Shape5gtl2W1CyjT.png" />
      <file href="mobile/Shape6ibeG6aIWQ2.png" />
      <file href="html5/data/css/output.min.css" />
      <file href="html5/data/js/5eHRv5l4p2X.js" />
      <file href="html5/data/js/5fZsxnLcHNd.js" />
      <file href="html5/data/js/5iilicyFxJO.js" />
      <file href="html5/data/js/5kVkuqh55WE.js" />
      <file href="html5/data/js/5ql3EACXPmF.js" />
      <file href="html5/data/js/5rrGn0SDmu7.js" />
      <file href="html5/data/js/5upy5EqP8XI.js" />
      <file href="html5/data/js/5Xnax4oZz5K.js" />
      <file href="html5/data/js/5XQ3wEQokxZ.js" />
      <file href="html5/data/js/620CgYv3tVF.js" />
      <file href="html5/data/js/62cRclscidy.js" />
      <file href="html5/data/js/62XknE7qPxw.js" />
      <file href="html5/data/js/6boCEWIYiQl.js" />
      <file href="html5/data/js/6JTAAMyQpqt.js" />
      <file href="html5/data/js/6Ll8Th1YHm7.js" />
      <file href="html5/data/js/6OfdGrvM55f.js" />
      <file href="html5/data/js/6S7r5ez4Q9i.js" />
      <file href="html5/data/js/data.js" />
      <file href="html5/data/js/frame.js" />
      <file href="html5/data/js/paths.js" />
      <file href="html5/lib/hls/hls.min.js" />
      <file href="html5/lib/scripts/bootstrapper.min.js" />
      <file href="html5/lib/scripts/frame.desktop.min.js" />
      <file href="html5/lib/scripts/frame.mobile.min.js" />
      <file href="html5/lib/scripts/slides.min.js" />
      <file href="html5/lib/stylesheets/desktop.min.css" />
      <file href="html5/lib/stylesheets/mobile.min.css" />
      <file href="html5/lib/stylesheets/mobile-fonts/open-sans-bold.woff" />
      <file href="html5/lib/stylesheets/mobile-fonts/open-sans-light.woff" />
      <file href="html5/lib/stylesheets/mobile-fonts/open-sans-regular.woff" />
      <file href="analytics-frame.html" />
      <file href="story.html" />
      <file href="launcher.html" />
      <file href="story_content/external_window.png" />
      <file href="index_lms.html" />
      <file href="lms/AICCComm.html" />
      <file href="lms/blank.html" />
      <file href="lms/browsersniff.js" />
      <file href="lms/goodbye.html" />
      <file href="lms/scormdriver.js" />
    </resource>
  </resources>
</manifest>