﻿<?xml version="1.0" encoding="utf-8"?>
<manifest identifier="_6c48MywBBJU_course_id" version="1.0" xmlns="http://www.imsproject.org/xsd/imscp_rootv1p1p2" xmlns:adlcp="http://www.adlnet.org/xsd/adlcp_rootv1p2" xmlns:xsi="http://www.w3.org/2001/XMLSchema-instance" xsi:schemaLocation="http://www.imsproject.org/xsd/imscp_rootv1p1p2 imscp_rootv1p1p2.xsd http://www.imsglobal.org/xsd/imsmd_rootv1p2p1 imsmd_rootv1p2p1.xsd http://www.adlnet.org/xsd/adlcp_rootv1p2 adlcp_rootv1p2.xsd">
  <metadata>
    <schema>ADL SCORM</schema>
    <schemaversion>1.2</schemaversion>
    <lom xmlns="http://www.imsglobal.org/xsd/imsmd_rootv1p2p1" xmlns:xsi="http://www.w3.org/2001/XMLSchema-instance" xsi:schemaLocation="http://www.imsglobal.org/xsd/imsmd_rootv1p2p1 imsmd_rootv1p2p1.xsd">
      <general>
        <title>
          <langstring xml:lang="x-none">¿Qué tenemos que saber sobre los accidentes de trabajo?</langstring>
        </title>
      </general>
      <lifecycle>
        <version>
          <langstring xml:lang="x-none">1</langstring>
        </version>
        <status>
          <source>
            <langstring xml:lang="x-none">LOMv1.0</langstring>
          </source>
          <value>
            <langstring xml:lang="x-none">Final</langstring>
          </value>
        </status>
      </lifecycle>
      <metametadata>
        <metadatascheme>ADL SCORM 1.2</metadatascheme>
      </metametadata>
      <educational>
        <typicallearningtime>
          <datetime>PT0H0M0S</datetime>
        </typicallearningtime>
      </educational>
      <rights>
        <cost>
          <source>
            <langstring xml:lang="x-none">LOMv1.0</langstring>
          </source>
          <value>
            <langstring xml:lang="x-none">yes</langstring>
          </value>
        </cost>
        <copyrightandotherrestrictions>
          <source>
            <langstring xml:lang="x-none">LOMv1.0</langstring>
          </source>
          <value>
            <langstring xml:lang="x-none">yes</langstring>
          </value>
        </copyrightandotherrestrictions>
      </rights>
    </lom>
  </metadata>
  <organizations default="¿Qué_tenemos_que_saber_sobre_los_accidentes_de_trabajo?_ORG">
    <organization identifier="¿Qué_tenemos_que_saber_sobre_los_accidentes_de_trabajo?_ORG">
      <title>¿Qué tenemos que saber sobre los accidentes de trabajo?</title>
      <item identifier="De_la_experiencia_del_candidato_con_los_procesos_asociados_a_la_captación_y_sele_SCO" isvisible="true" identifierref="__6c48MywBBJU_course_id_RES">
        <title>¿Qué tenemos que saber sobre los accidentes de trabajo?</title>
      </item>
    </organization>
  </organizations>
  <resources>
    <resource identifier="__6c48MywBBJU_course_id_RES" type="webcontent" href="launcher.html" adlcp:scormtype="sco">
      <file href="story_content/thumbnail.jpg" />
      <file href="mobile/675IdHFYGuZ.png" />
      <file href="mobile/5f9AimIFqyN.jpg" />
      <file href="mobile/5v0A1p4Uo9X.png" />
      <file href="mobile/6b08xZTFDv1.png" />
      <file href="mobile/5YLsocL4RyI.png" />
      <file href="mobile/5ZZCtwtslhA.png" />
      <file href="mobile/6PpBXdeUBtD.png" />
      <file href="mobile/5hSXQS1XGgX.jpg" />
      <file href="mobile/6MjSuWSVIf2_M_114_114.png" />
      <file href="mobile/5oRTxboGMi6_P_999_0_713_902.png" />
      <file href="mobile/5w0Owq3eBV9.png" />
      <file href="mobile/6B233v6KXuj_Y.png" />
      <file href="mobile/5WfYpsn9qBj.png" />
      <file href="mobile/5aDTUlTk8Ad.png" />
      <file href="mobile/6mddj8aeZ83.png" />
      <file href="mobile/6A1WNBBMVSI.png" />
      <file href="mobile/5vJWxbwC9QE.png" />
      <file href="mobile/6T9uFaaO7Mb.png" />
      <file href="mobile/69CbAfRpuZs_P_102_0_728_906.png" />
      <file href="mobile/6pVsC0zCKhK_P_0_162_2000_907.png" />
      <file href="mobile/6CCJVOsX6py.png" />
      <file href="mobile/6ShukjJ00yw.png" />
      <file href="mobile/6crO1ZQPjvg.png" />
      <file href="mobile/6raCqGuS4BC.png" />
      <file href="mobile/6LuULw4mOIR.png" />
      <file href="mobile/5plriIgxm2k.png" />
      <file href="mobile/5v7iSES13bc.png" />
      <file href="mobile/5cUZpAahzjc.png" />
      <file href="story_content/zoomIcon.png" />
      <file href="mobile/6bsLc0udXVu.png" />
      <file href="mobile/69CbAfRpuZs_P_0_0_988_968.png" />
      <file href="mobile/6oE4Tg8kQ5C.png" />
      <file href="mobile/6UZgZGc3TkD.png" />
      <file href="mobile/6bg7V2i1luD_80.jpg" />
      <file href="mobile/5xJOfMpezzT.png" />
      <file href="mobile/656TyoTcN2o_P_144_110_1814_832.png" />
      <file href="mobile/627HzV5AHjB.png" />
      <file href="mobile/6TK9uKd51db.png" />
      <file href="mobile/6ffS8GuwOyU.png" />
      <file href="mobile/6SzoURUAFUs.png" />
      <file href="mobile/6NGPB7HKroi.png" />
      <file href="mobile/5et4qSPJgdY.png" />
      <file href="mobile/6rgT4SIeMOt.png" />
      <file href="mobile/66x0jUEhgQu.png" />
      <file href="mobile/6SNMS5Ou5C7.png" />
      <file href="mobile/6kQjk5m650T.png" />
      <file href="mobile/6hbGI7KPwlj.png" />
      <file href="mobile/61UQ7ziunPx.png" />
      <file href="mobile/6lnQ8BrSWxR.png" />
      <file href="meta.xml" />
      <file href="story_content/user.js" />
      <file href="mobile/txt__default_6BlHoKkFniv.png" />
      <file href="mobile/txt__default_6SnbdLmfXUf.png" />
      <file href="mobile/Shape6kRO3R4FHRT.png" />
      <file href="html5/data/css/output.min.css" />
      <file href="html5/data/js/5efcc0qbqNO.js" />
      <file href="html5/data/js/5ehfrXeJekv.js" />
      <file href="html5/data/js/5eHRv5l4p2X.js" />
      <file href="html5/data/js/5fZsxnLcHNd.js" />
      <file href="html5/data/js/5kVkuqh55WE.js" />
      <file href="html5/data/js/5lMNA88Bpl3.js" />
      <file href="html5/data/js/5rrGn0SDmu7.js" />
      <file href="html5/data/js/5upy5EqP8XI.js" />
      <file href="html5/data/js/5XeYQJYkI18.js" />
      <file href="html5/data/js/5XQ3wEQokxZ.js" />
      <file href="html5/data/js/620CgYv3tVF.js" />
      <file href="html5/data/js/62XknE7qPxw.js" />
      <file href="html5/data/js/6DxV8NBUAQE.js" />
      <file href="html5/data/js/6eMOYiFcouE.js" />
      <file href="html5/data/js/6Iz2MpbHtjl.js" />
      <file href="html5/data/js/6KUb65yxF2r.js" />
      <file href="html5/data/js/6MOctPblQOY.js" />
      <file href="html5/data/js/6S7r5ez4Q9i.js" />
      <file href="html5/data/js/6SsBIQVmf1O.js" />
      <file href="html5/data/js/data.js" />
      <file href="html5/data/js/frame.js" />
      <file href="html5/data/js/paths.js" />
      <file href="html5/lib/hls/hls.min.js" />
      <file href="html5/lib/scripts/bootstrapper.min.js" />
      <file href="html5/lib/scripts/frame.desktop.min.js" />
      <file href="html5/lib/scripts/frame.mobile.min.js" />
      <file href="html5/lib/scripts/slides.min.js" />
      <file href="html5/lib/stylesheets/desktop.min.css" />
      <file href="html5/lib/stylesheets/mobile.min.css" />
      <file href="html5/lib/stylesheets/mobile-fonts/open-sans-bold.woff" />
      <file href="html5/lib/stylesheets/mobile-fonts/open-sans-light.woff" />
      <file href="html5/lib/stylesheets/mobile-fonts/open-sans-regular.woff" />
      <file href="analytics-frame.html" />
      <file href="story.html" />
      <file href="launcher.html" />
      <file href="story_content/external_window.png" />
      <file href="index_lms.html" />
      <file href="lms/AICCComm.html" />
      <file href="lms/blank.html" />
      <file href="lms/browsersniff.js" />
      <file href="lms/goodbye.html" />
      <file href="lms/scormdriver.js" />
    </resource>
  </resources>
</manifest>