﻿<?xml version="1.0" encoding="utf-8"?>
<manifest identifier="_6c48MywBBJU_course_id" version="1.0" xmlns="http://www.imsproject.org/xsd/imscp_rootv1p1p2" xmlns:adlcp="http://www.adlnet.org/xsd/adlcp_rootv1p2" xmlns:xsi="http://www.w3.org/2001/XMLSchema-instance" xsi:schemaLocation="http://www.imsproject.org/xsd/imscp_rootv1p1p2 imscp_rootv1p1p2.xsd http://www.imsglobal.org/xsd/imsmd_rootv1p2p1 imsmd_rootv1p2p1.xsd http://www.adlnet.org/xsd/adlcp_rootv1p2 adlcp_rootv1p2.xsd">
  <metadata>
    <schema>ADL SCORM</schema>
    <schemaversion>1.2</schemaversion>
    <lom xmlns="http://www.imsglobal.org/xsd/imsmd_rootv1p2p1" xmlns:xsi="http://www.w3.org/2001/XMLSchema-instance" xsi:schemaLocation="http://www.imsglobal.org/xsd/imsmd_rootv1p2p1 imsmd_rootv1p2p1.xsd">
      <general>
        <title>
          <langstring xml:lang="x-none">Estructura de un programa de seguridad y salud en el trabajo</langstring>
        </title>
      </general>
      <lifecycle>
        <version>
          <langstring xml:lang="x-none">1</langstring>
        </version>
        <status>
          <source>
            <langstring xml:lang="x-none">LOMv1.0</langstring>
          </source>
          <value>
            <langstring xml:lang="x-none">Final</langstring>
          </value>
        </status>
      </lifecycle>
      <metametadata>
        <metadatascheme>ADL SCORM 1.2</metadatascheme>
      </metametadata>
      <educational>
        <typicallearningtime>
          <datetime>PT0H0M0S</datetime>
        </typicallearningtime>
      </educational>
      <rights>
        <cost>
          <source>
            <langstring xml:lang="x-none">LOMv1.0</langstring>
          </source>
          <value>
            <langstring xml:lang="x-none">yes</langstring>
          </value>
        </cost>
        <copyrightandotherrestrictions>
          <source>
            <langstring xml:lang="x-none">LOMv1.0</langstring>
          </source>
          <value>
            <langstring xml:lang="x-none">yes</langstring>
          </value>
        </copyrightandotherrestrictions>
      </rights>
    </lom>
  </metadata>
  <organizations default="Estructura_de_un_programa_de_seguridad_y_salud_en_el_trabajo_ORG">
    <organization identifier="Estructura_de_un_programa_de_seguridad_y_salud_en_el_trabajo_ORG">
      <title>Estructura de un programa de seguridad y salud en el trabajo</title>
      <item identifier="De_la_experiencia_del_candidato_con_los_procesos_asociados_a_la_captación_y_sele_SCO" isvisible="true" identifierref="__6c48MywBBJU_course_id_RES">
        <title>Estructura de un programa de seguridad y salud en el trabajo</title>
      </item>
    </organization>
  </organizations>
  <resources>
    <resource identifier="__6c48MywBBJU_course_id_RES" type="webcontent" href="launcher.html" adlcp:scormtype="sco">
      <file href="story_content/thumbnail.jpg" />
      <file href="mobile/64k3p4wRbOF_M_1554_1554.png" />
      <file href="mobile/675IdHFYGuZ.png" />
      <file href="mobile/5f9AimIFqyN.jpg" />
      <file href="mobile/5v0A1p4Uo9X.png" />
      <file href="mobile/6b08xZTFDv1.png" />
      <file href="mobile/5YLsocL4RyI.png" />
      <file href="mobile/5ZZCtwtslhA.png" />
      <file href="mobile/6PpBXdeUBtD.png" />
      <file href="mobile/6lX3abEowSm_P_821_0_187_1808.png" />
      <file href="mobile/5hSXQS1XGgX.jpg" />
      <file href="mobile/6MjSuWSVIf2_M_114_114.png" />
      <file href="mobile/6p3sPjQLRWU_80_P_327_0_922_915.jpg" />
      <file href="mobile/6D3f4pQHrDC_B15_RG_Q3808080_P_-17_253_700_836.png" />
      <file href="mobile/5mM1RwPSgcq_P_1380_166_667_816.png" />
      <file href="mobile/6dHaUdRGDIi.png" />
      <file href="mobile/6dHaUdRGDIi_Q14.png" />
      <file href="mobile/6TZdWPGwZxP.png" />
      <file href="mobile/6TZdWPGwZxP_Q14.png" />
      <file href="mobile/6AGZY8BZIhm.png" />
      <file href="mobile/6AGZY8BZIhm_Q14.png" />
      <file href="mobile/61m5sB0Z3GH.png" />
      <file href="mobile/61m5sB0Z3GH_Q14.png" />
      <file href="mobile/5bXM0oy7Jwo.png" />
      <file href="mobile/5bXM0oy7Jwo_Q14.png" />
      <file href="mobile/5gWfOs8iMEh_80_RW_P_330_0_1065_844.jpg" />
      <file href="mobile/5mpiifOVEQE.png" />
      <file href="mobile/6gVHjMhT6D4_80_P_457_0_1281_1365.jpg" />
      <file href="mobile/6BFZQMRzN1r_80_RW_P_488_0_1011_1001.jpg" />
      <file href="mobile/5rrkfZCnDn9_P_0_0_385_385.png" />
      <file href="mobile/5rrkfZCnDn9_P_5_403_371_367.png" />
      <file href="mobile/5rrkfZCnDn9_P_450_0_385_385.png" />
      <file href="mobile/5rrkfZCnDn9_P_437_392_393_378.png" />
      <file href="mobile/5rrkfZCnDn9_P_855_-7_385_385.png" />
      <file href="mobile/5rrkfZCnDn9_P_861_386_372_390.png" />
      <file href="mobile/6i4vRTFtdSY_80_RW_P_334_38_1165_666.jpg" />
      <file href="mobile/6SCR9bzse62_P_1244_1_326_88.png" />
      <file href="mobile/6SCR9bzse62_P_1235_146_351_615.png" />
      <file href="mobile/6SCR9bzse62_P_813_0_326_88.png" />
      <file href="mobile/6SCR9bzse62_P_810_136_357_625.png" />
      <file href="mobile/6SCR9bzse62_P_421_0_317_91.png" />
      <file href="mobile/6SCR9bzse62_P_413_130_345_621.png" />
      <file href="mobile/6SCR9bzse62_P_0_0_314_82.png" />
      <file href="mobile/6SCR9bzse62_P_0_140_345_621.png" />
      <file href="mobile/5lYA8JUt8FB_X_80_RW_P_163_0_1884_1365.jpg" />
      <file href="mobile/6UKY5dW09mo_P_1130_56_226_290.png" />
      <file href="mobile/5vAbQxocFKp_P_1592_42_242_304.png" />
      <file href="mobile/6UKY5dW09mo_P_1354_57_213_287.png" />
      <file href="mobile/5vAbQxocFKp_P_1827_42_230_296.png" />
      <file href="mobile/6UKY5dW09mo_P_1140_345_213_277.png" />
      <file href="mobile/5vAbQxocFKp_P_1603_337_226_293.png" />
      <file href="mobile/6UKY5dW09mo_P_1351_341_222_282.png" />
      <file href="mobile/5vAbQxocFKp_P_1831_333_216_295.png" />
      <file href="mobile/5w0Owq3eBV9.png" />
      <file href="mobile/6B233v6KXuj_Y.png" />
      <file href="mobile/5WfYpsn9qBj.png" />
      <file href="mobile/5aDTUlTk8Ad.png" />
      <file href="mobile/6mddj8aeZ83.png" />
      <file href="mobile/5vJWxbwC9QE.png" />
      <file href="mobile/6A1WNBBMVSI.png" />
      <file href="mobile/6T9uFaaO7Mb.png" />
      <file href="mobile/5lYA8JUt8FB_80_P_90_0_1476_867.jpg" />
      <file href="meta.xml" />
      <file href="story_content/user.js" />
      <file href="html5/data/css/output.min.css" />
      <file href="html5/data/js/5eHRv5l4p2X.js" />
      <file href="html5/data/js/5fZsxnLcHNd.js" />
      <file href="html5/data/js/5kVkuqh55WE.js" />
      <file href="html5/data/js/5rrGn0SDmu7.js" />
      <file href="html5/data/js/5tUF7q5mB7p.js" />
      <file href="html5/data/js/5upy5EqP8XI.js" />
      <file href="html5/data/js/5XQ3wEQokxZ.js" />
      <file href="html5/data/js/620CgYv3tVF.js" />
      <file href="html5/data/js/62cRclscidy.js" />
      <file href="html5/data/js/62XknE7qPxw.js" />
      <file href="html5/data/js/6HBFqiYWOMA.js" />
      <file href="html5/data/js/6II11e2YYOs.js" />
      <file href="html5/data/js/6QSR3m1Q251.js" />
      <file href="html5/data/js/6S7r5ez4Q9i.js" />
      <file href="html5/data/js/6XrSEVyRflV.js" />
      <file href="html5/data/js/6YaZqOs7LXK.js" />
      <file href="html5/data/js/data.js" />
      <file href="html5/data/js/frame.js" />
      <file href="html5/data/js/paths.js" />
      <file href="html5/lib/scripts/bootstrapper.min.js" />
      <file href="html5/lib/scripts/frame.desktop.min.js" />
      <file href="html5/lib/scripts/frame.mobile.min.js" />
      <file href="html5/lib/scripts/slides.min.js" />
      <file href="html5/lib/stylesheets/desktop.min.css" />
      <file href="html5/lib/stylesheets/mobile.min.css" />
      <file href="html5/lib/stylesheets/mobile-fonts/open-sans-bold.woff" />
      <file href="html5/lib/stylesheets/mobile-fonts/open-sans-light.woff" />
      <file href="html5/lib/stylesheets/mobile-fonts/open-sans-regular.woff" />
      <file href="analytics-frame.html" />
      <file href="story.html" />
      <file href="launcher.html" />
      <file href="story_content/external_window.png" />
      <file href="index_lms.html" />
      <file href="lms/AICCComm.html" />
      <file href="lms/blank.html" />
      <file href="lms/browsersniff.js" />
      <file href="lms/goodbye.html" />
      <file href="lms/scormdriver.js" />
    </resource>
  </resources>
</manifest>