﻿<?xml version="1.0" encoding="utf-8"?>
<manifest identifier="_6c48MywBBJU_course_id" version="1.0" xmlns="http://www.imsproject.org/xsd/imscp_rootv1p1p2" xmlns:adlcp="http://www.adlnet.org/xsd/adlcp_rootv1p2" xmlns:xsi="http://www.w3.org/2001/XMLSchema-instance" xsi:schemaLocation="http://www.imsproject.org/xsd/imscp_rootv1p1p2 imscp_rootv1p1p2.xsd http://www.imsglobal.org/xsd/imsmd_rootv1p2p1 imsmd_rootv1p2p1.xsd http://www.adlnet.org/xsd/adlcp_rootv1p2 adlcp_rootv1p2.xsd">
  <metadata>
    <schema>ADL SCORM</schema>
    <schemaversion>1.2</schemaversion>
    <lom xmlns="http://www.imsglobal.org/xsd/imsmd_rootv1p2p1" xmlns:xsi="http://www.w3.org/2001/XMLSchema-instance" xsi:schemaLocation="http://www.imsglobal.org/xsd/imsmd_rootv1p2p1 imsmd_rootv1p2p1.xsd">
      <general>
        <title>
          <langstring xml:lang="x-none">Definición de actividades, secuencia lógica, asignación de recursos, estimación </langstring>
        </title>
      </general>
      <lifecycle>
        <version>
          <langstring xml:lang="x-none">1</langstring>
        </version>
        <status>
          <source>
            <langstring xml:lang="x-none">LOMv1.0</langstring>
          </source>
          <value>
            <langstring xml:lang="x-none">Final</langstring>
          </value>
        </status>
      </lifecycle>
      <metametadata>
        <metadatascheme>ADL SCORM 1.2</metadatascheme>
      </metametadata>
      <educational>
        <typicallearningtime>
          <datetime>PT0H0M0S</datetime>
        </typicallearningtime>
      </educational>
      <rights>
        <cost>
          <source>
            <langstring xml:lang="x-none">LOMv1.0</langstring>
          </source>
          <value>
            <langstring xml:lang="x-none">yes</langstring>
          </value>
        </cost>
        <copyrightandotherrestrictions>
          <source>
            <langstring xml:lang="x-none">LOMv1.0</langstring>
          </source>
          <value>
            <langstring xml:lang="x-none">yes</langstring>
          </value>
        </copyrightandotherrestrictions>
      </rights>
    </lom>
  </metadata>
  <organizations default="Definición_de_actividades,_secuencia_lógica,_asignación_de_recursos,_estimación__ORG">
    <organization identifier="Definición_de_actividades,_secuencia_lógica,_asignación_de_recursos,_estimación__ORG">
      <title>Definición de actividades, secuencia lógica, asignación de recursos, estimación </title>
      <item identifier="De_la_experiencia_del_candidato_con_los_procesos_asociados_a_la_captación_y_sele_SCO" isvisible="true" identifierref="__6c48MywBBJU_course_id_RES">
        <title>Definición de actividades, secuencia lógica, asignación de recursos, estimación </title>
      </item>
    </organization>
  </organizations>
  <resources>
    <resource identifier="__6c48MywBBJU_course_id_RES" type="webcontent" href="launcher.html" adlcp:scormtype="sco">
      <file href="story_content/thumbnail.jpg" />
      <file href="mobile/675IdHFYGuZ.png" />
      <file href="mobile/5f9AimIFqyN.jpg" />
      <file href="mobile/5v0A1p4Uo9X.png" />
      <file href="mobile/6b08xZTFDv1.png" />
      <file href="mobile/5YLsocL4RyI.png" />
      <file href="mobile/5ZZCtwtslhA.png" />
      <file href="mobile/6PpBXdeUBtD.png" />
      <file href="mobile/5hSXQS1XGgX.jpg" />
      <file href="mobile/6MjSuWSVIf2_M_114_114.png" />
      <file href="mobile/6VQmBf1yua0_P_550_0_1111_1333.png" />
      <file href="story_content/zoomIcon.png" />
      <file href="mobile/6GPw5YNouey.png" />
      <file href="mobile/68MrCCQzNWx.png" />
      <file href="mobile/6KDkJtvnOg3.png" />
      <file href="mobile/5oUQ7R77d3m.png" />
      <file href="mobile/5nLrVTL7c7Y.png" />
      <file href="mobile/6YPAsnTTAYO.png" />
      <file href="mobile/61tZt42paWD.png" />
      <file href="mobile/6JzaKiBB13j.png" />
      <file href="mobile/5w0Owq3eBV9.png" />
      <file href="mobile/6B233v6KXuj_Y.png" />
      <file href="mobile/5WfYpsn9qBj.png" />
      <file href="mobile/5aDTUlTk8Ad.png" />
      <file href="mobile/6mddj8aeZ83.png" />
      <file href="mobile/5vJWxbwC9QE.png" />
      <file href="mobile/6A1WNBBMVSI.png" />
      <file href="mobile/6T9uFaaO7Mb.png" />
      <file href="mobile/6V2FVatfrUa.png" />
      <file href="mobile/5iK7e361aJk.png" />
      <file href="meta.xml" />
      <file href="story_content/user.js" />
      <file href="mobile/txt__default_67a4917yyk3.png" />
      <file href="mobile/Shape5gODPZbCUi6.jpg" />
      <file href="mobile/Shape5uv8pjVUNXZ.png" />
      <file href="mobile/Shape63xsZkUyfCM.jpg" />
      <file href="mobile/txt__default_6YthsEjYIqj.png" />
      <file href="mobile/Shape6HWZ0Gztv1f.png" />
      <file href="mobile/Shape6qx1fjfQAgq.jpg" />
      <file href="mobile/txt__default_6WjOF972n9a.png" />
      <file href="mobile/Shape6mlbP1EYcQi.jpg" />
      <file href="mobile/txt__default_6XvkSs8Q14t.png" />
      <file href="mobile/Shape5uDPVYCiGe6.jpg" />
      <file href="mobile/txt__default_5wwR5csfcqP.png" />
      <file href="html5/data/css/output.min.css" />
      <file href="html5/data/js/5eHRv5l4p2X.js" />
      <file href="html5/data/js/5fZsxnLcHNd.js" />
      <file href="html5/data/js/5jXXhgYsZSc.js" />
      <file href="html5/data/js/5kVkuqh55WE.js" />
      <file href="html5/data/js/5qQR2sFHMpR.js" />
      <file href="html5/data/js/5rrGn0SDmu7.js" />
      <file href="html5/data/js/5upy5EqP8XI.js" />
      <file href="html5/data/js/5XQ3wEQokxZ.js" />
      <file href="html5/data/js/5YnOPTl4Huk.js" />
      <file href="html5/data/js/603ayacFyLK.js" />
      <file href="html5/data/js/620CgYv3tVF.js" />
      <file href="html5/data/js/62XknE7qPxw.js" />
      <file href="html5/data/js/6fTTFUB7vWA.js" />
      <file href="html5/data/js/6Kb5XNGcgWC.js" />
      <file href="html5/data/js/6OfdGrvM55f.js" />
      <file href="html5/data/js/6oy2HaUtBEA.js" />
      <file href="html5/data/js/data.js" />
      <file href="html5/data/js/frame.js" />
      <file href="html5/data/js/paths.js" />
      <file href="html5/lib/hls/hls.min.js" />
      <file href="html5/lib/scripts/bootstrapper.min.js" />
      <file href="html5/lib/scripts/frame.desktop.min.js" />
      <file href="html5/lib/scripts/frame.mobile.min.js" />
      <file href="html5/lib/scripts/slides.min.js" />
      <file href="html5/lib/stylesheets/desktop.min.css" />
      <file href="html5/lib/stylesheets/mobile.min.css" />
      <file href="html5/lib/stylesheets/mobile-fonts/open-sans-bold.woff" />
      <file href="html5/lib/stylesheets/mobile-fonts/open-sans-light.woff" />
      <file href="html5/lib/stylesheets/mobile-fonts/open-sans-regular.woff" />
      <file href="analytics-frame.html" />
      <file href="story.html" />
      <file href="launcher.html" />
      <file href="story_content/external_window.png" />
      <file href="index_lms.html" />
      <file href="lms/AICCComm.html" />
      <file href="lms/blank.html" />
      <file href="lms/browsersniff.js" />
      <file href="lms/goodbye.html" />
      <file href="lms/scormdriver.js" />
    </resource>
  </resources>
</manifest>