﻿<?xml version="1.0" encoding="utf-8"?>
<manifest identifier="_6c48MywBBJU_course_id" version="1.0" xmlns="http://www.imsproject.org/xsd/imscp_rootv1p1p2" xmlns:adlcp="http://www.adlnet.org/xsd/adlcp_rootv1p2" xmlns:xsi="http://www.w3.org/2001/XMLSchema-instance" xsi:schemaLocation="http://www.imsproject.org/xsd/imscp_rootv1p1p2 imscp_rootv1p1p2.xsd http://www.imsglobal.org/xsd/imsmd_rootv1p2p1 imsmd_rootv1p2p1.xsd http://www.adlnet.org/xsd/adlcp_rootv1p2 adlcp_rootv1p2.xsd">
  <metadata>
    <schema>ADL SCORM</schema>
    <schemaversion>1.2</schemaversion>
    <lom xmlns="http://www.imsglobal.org/xsd/imsmd_rootv1p2p1" xmlns:xsi="http://www.w3.org/2001/XMLSchema-instance" xsi:schemaLocation="http://www.imsglobal.org/xsd/imsmd_rootv1p2p1 imsmd_rootv1p2p1.xsd">
      <general>
        <title>
          <langstring xml:lang="x-none">Aspectos generales de la gerencia de proyectos</langstring>
        </title>
      </general>
      <lifecycle>
        <version>
          <langstring xml:lang="x-none">1</langstring>
        </version>
        <status>
          <source>
            <langstring xml:lang="x-none">LOMv1.0</langstring>
          </source>
          <value>
            <langstring xml:lang="x-none">Final</langstring>
          </value>
        </status>
      </lifecycle>
      <metametadata>
        <metadatascheme>ADL SCORM 1.2</metadatascheme>
      </metametadata>
      <educational>
        <typicallearningtime>
          <datetime>PT0H0M0S</datetime>
        </typicallearningtime>
      </educational>
      <rights>
        <cost>
          <source>
            <langstring xml:lang="x-none">LOMv1.0</langstring>
          </source>
          <value>
            <langstring xml:lang="x-none">yes</langstring>
          </value>
        </cost>
        <copyrightandotherrestrictions>
          <source>
            <langstring xml:lang="x-none">LOMv1.0</langstring>
          </source>
          <value>
            <langstring xml:lang="x-none">yes</langstring>
          </value>
        </copyrightandotherrestrictions>
      </rights>
    </lom>
  </metadata>
  <organizations default="Aspectos_generales_de_la_gerencia_de_proyectos_ORG">
    <organization identifier="Aspectos_generales_de_la_gerencia_de_proyectos_ORG">
      <title>Aspectos generales de la gerencia de proyectos</title>
      <item identifier="De_la_experiencia_del_candidato_con_los_procesos_asociados_a_la_captación_y_sele_SCO" isvisible="true" identifierref="__6c48MywBBJU_course_id_RES">
        <title>Aspectos generales de la gerencia de proyectos</title>
      </item>
    </organization>
  </organizations>
  <resources>
    <resource identifier="__6c48MywBBJU_course_id_RES" type="webcontent" href="launcher.html" adlcp:scormtype="sco">
      <file href="story_content/thumbnail.jpg" />
      <file href="mobile/675IdHFYGuZ.png" />
      <file href="mobile/5f9AimIFqyN.jpg" />
      <file href="mobile/5v0A1p4Uo9X.png" />
      <file href="mobile/6b08xZTFDv1.png" />
      <file href="mobile/5YLsocL4RyI.png" />
      <file href="mobile/5ZZCtwtslhA.png" />
      <file href="mobile/6PpBXdeUBtD.png" />
      <file href="mobile/5YPf2HWhtc9.png" />
      <file href="mobile/5hSXQS1XGgX.jpg" />
      <file href="mobile/6MjSuWSVIf2_M_114_114.png" />
      <file href="mobile/6ev0Pq8e0dO_P_123_121_1491_1211.png" />
      <file href="mobile/6eu4SpaVZG6_P_0_209_2000_915.png" />
      <file href="mobile/6ktSImcezhD.png" />
      <file href="mobile/5h252FhwNt9.png" />
      <file href="mobile/6pDN8UZUF6q.png" />
      <file href="mobile/5gdHtPOqJe3.png" />
      <file href="mobile/6WFbR5I4jUu.png" />
      <file href="mobile/6GKBMD1Drkb.png" />
      <file href="mobile/630vMgkxs2H.png" />
      <file href="mobile/5eBK3aQWnjC.png" />
      <file href="mobile/6Nf8XtiHijd.png" />
      <file href="mobile/6Vx3hcTiEcL_80_P_0_192_2030_995.jpg" />
      <file href="mobile/5nLrVTL7c7Y.png" />
      <file href="mobile/5fCxXTJrjqA.png" />
      <file href="mobile/5po16RvKtrK_80.jpg" />
      <file href="mobile/68MrCCQzNWx.png" />
      <file href="mobile/6KDkJtvnOg3.png" />
      <file href="mobile/5rQsUfuqLJs.png" />
      <file href="mobile/6geeuEfkUIQ_P_0_131_2000_999.png" />
      <file href="mobile/6fItBHOW7BC.png" />
      <file href="mobile/6513EvQy7Ja_P_298_269_1321_670.png" />
      <file href="mobile/5vYIcaCzUTJ.png" />
      <file href="mobile/5wvh3NUGX8d.png" />
      <file href="story_content/zoomIcon.png" />
      <file href="mobile/5dg9wn6A078.png" />
      <file href="mobile/5YuNLZdBZsy.png" />
      <file href="story_content/62lHwNPamBA_44100_48_0.mp3" />
      <file href="story_content/6c2RgHwmH9Z_44100_48_0.mp3" />
      <file href="story_content/6JQMRXESvK7_44100_48_0.mp3" />
      <file href="mobile/5w0Owq3eBV9.png" />
      <file href="mobile/6B233v6KXuj_Y.png" />
      <file href="mobile/5WfYpsn9qBj.png" />
      <file href="mobile/5aDTUlTk8Ad.png" />
      <file href="mobile/6mddj8aeZ83.png" />
      <file href="mobile/5vJWxbwC9QE.png" />
      <file href="mobile/6A1WNBBMVSI.png" />
      <file href="mobile/6T9uFaaO7Mb.png" />
      <file href="mobile/64sipR44YkN_80.jpg" />
      <file href="meta.xml" />
      <file href="story_content/user.js" />
      <file href="mobile/txt__default_5aUscelTjD1.png" />
      <file href="mobile/txt__default_5UkFzyj2Wqh.png" />
      <file href="mobile/txt__default_62YgWdnmHfy.png" />
      <file href="mobile/txt__default_6R8O1Eg9ZPt.png" />
      <file href="mobile/Shape6HWZ0Gztv1f.png" />
      <file href="mobile/Shape6IJrp8YyooP.png" />
      <file href="mobile/Shape6CI8AbvIFDh.png" />
      <file href="mobile/Shape5uo8U71F50M.png" />
      <file href="mobile/Shape6O22353dMjO.png" />
      <file href="mobile/Shape6WuLY1VSDFg.png" />
      <file href="mobile/txt__default_6h6cu6GSadr.png" />
      <file href="mobile/Shape5knykUcB88U.jpg" />
      <file href="html5/data/css/output.min.css" />
      <file href="html5/data/js/5bDtH6bnwCa.js" />
      <file href="html5/data/js/5eHRv5l4p2X.js" />
      <file href="html5/data/js/5fZsxnLcHNd.js" />
      <file href="html5/data/js/5jej94d7P0c.js" />
      <file href="html5/data/js/5k6nHdsQM7o.js" />
      <file href="html5/data/js/5kVkuqh55WE.js" />
      <file href="html5/data/js/5rrGn0SDmu7.js" />
      <file href="html5/data/js/5upy5EqP8XI.js" />
      <file href="html5/data/js/5XH8gv8TstS.js" />
      <file href="html5/data/js/5XQ3wEQokxZ.js" />
      <file href="html5/data/js/61VmCRU0iru.js" />
      <file href="html5/data/js/620CgYv3tVF.js" />
      <file href="html5/data/js/62XknE7qPxw.js" />
      <file href="html5/data/js/6eZiFU9LET7.js" />
      <file href="html5/data/js/6GFTVeQKIfv.js" />
      <file href="html5/data/js/6GGNmxYU35J.js" />
      <file href="html5/data/js/6LFXd6zW1JK.js" />
      <file href="html5/data/js/6MYV81hBDd2.js" />
      <file href="html5/data/js/6nyVjFOGXhy.js" />
      <file href="html5/data/js/6OfdGrvM55f.js" />
      <file href="html5/data/js/6qALq5AICTU.js" />
      <file href="html5/data/js/6Wo0DewgB0W.js" />
      <file href="html5/data/js/data.js" />
      <file href="html5/data/js/frame.js" />
      <file href="html5/data/js/paths.js" />
      <file href="html5/lib/hls/hls.min.js" />
      <file href="html5/lib/scripts/bootstrapper.min.js" />
      <file href="html5/lib/scripts/frame.desktop.min.js" />
      <file href="html5/lib/scripts/frame.mobile.min.js" />
      <file href="html5/lib/scripts/slides.min.js" />
      <file href="html5/lib/stylesheets/desktop.min.css" />
      <file href="html5/lib/stylesheets/mobile.min.css" />
      <file href="html5/lib/stylesheets/mobile-fonts/open-sans-bold.woff" />
      <file href="html5/lib/stylesheets/mobile-fonts/open-sans-light.woff" />
      <file href="html5/lib/stylesheets/mobile-fonts/open-sans-regular.woff" />
      <file href="analytics-frame.html" />
      <file href="story.html" />
      <file href="launcher.html" />
      <file href="story_content/external_window.png" />
      <file href="index_lms.html" />
      <file href="lms/AICCComm.html" />
      <file href="lms/blank.html" />
      <file href="lms/browsersniff.js" />
      <file href="lms/goodbye.html" />
      <file href="lms/scormdriver.js" />
    </resource>
  </resources>
</manifest>